{"tyrion lannister": {"courage": 0.388087455233926, "loyalty": 0.44165821436093106, "manipulativeness": 0.4294722222712968, "ambition": 0.2008213978101637}, "jon snow": {"courage": 0.6103315263191457, "loyalty": 0.8009688808514657, "manipulativeness": 0.05945606458483983, "ambition": 0.18691522853703907}, "daenerys targaryen": {"courage": 0.40976450561742184, "loyalty": 0.45267347358208876, "manipulativeness": 0.33345860529302085, "ambition": 0.0}, "cersei lannister": {"courage": 0.46958651205652036, "loyalty": 0.25554449551450253, "manipulativeness": 0.3522894194807066, "ambition": 0.16516470807097558}, "jaime lannister": {"courage": 0.5599794689749608, "loyalty": 0.8440796455202372, "manipulativeness": 0.327369306657535, "ambition": 0.23168153996376395}, "sansa stark": {"courage": 0.8911834645929211, "loyalty": 0.9995749680613454, "manipulativeness": 0.18261754407096617, "ambition": 0.07404554660366307}, "arya stark": {"courage": 0.27720991307311843, "loyalty": 0.23196559237853884, "manipulativeness": 0.2512334599494553, "ambition": 0.056637608092973794}, "davos": {"courage": 0.42637006521184967, "loyalty": 0.026623289263035053, "manipulativeness": 0.41725784756643214, "ambition": 0.19899705008315807}, "theon greyjoy": {"courage": 0.4946231037415769, "loyalty": 0.32287191244755536, "manipulativeness": 0.8406405289236764, "ambition": 0.3169273954223638}, "petyr baelish": {"courage": 0.5003434813128499, "loyalty": 0.9797752870357926, "manipulativeness": 0.41832060762462286, "ambition": 0.3471095585370869}, "bran stark": {"courage": 0.2932020033552051, "loyalty": 0.16162612702035078, "manipulativeness": 0.1486676592114294, "ambition": 0.1703175709959995}, "sam": {"courage": 0.571782227590739, "loyalty": 0.27407514122393667, "manipulativeness": 0.21023425995282516, "ambition": 0.15418705153125892}, "bronn": {"courage": 0.33254656167536517, "loyalty": 0.0, "manipulativeness": 0.3784799707653406, "ambition": 0.09920637143321209}, "tywin lannister": {"courage": 0.2595407454183617, "loyalty": 0.7535284282093238, "manipulativeness": 0.1723860556426558, "ambition": 0.10657305645741451}, "jorah mormont": {"courage": 0.7351520540530048, "loyalty": 0.39996022219248856, "manipulativeness": 0.7385804247488699, "ambition": 0.3058245204950516}, "varys": {"courage": 0.12076749165378214, "loyalty": 0.6332475108139141, "manipulativeness": 0.3139304218494575, "ambition": 0.33442066121294944}, "brienne": {"courage": 0.4676742019672081, "loyalty": 0.6607864653053662, "manipulativeness": 0.2987609719491219, "ambition": 0.24216143319056385}, "eddard stark": {"courage": 0.5635794858445081, "loyalty": 0.5580923783094254, "manipulativeness": 0.04015371651446848, "ambition": 0.2574850314870999}, "robb stark": {"courage": 0.05629357627882929, "loyalty": 0.7231326025179848, "manipulativeness": 0.30313542871466254, "ambition": 0.023825854624483493}, "stannis baratheon": {"courage": 0.7532353988627991, "loyalty": 0.4808134156725374, "manipulativeness": 0.6669192277475205, "ambition": 0.12494511864218663}, "catelyn stark": {"courage": 0.10447664083904618, "loyalty": 0.9318258713206738, "manipulativeness": 0.0, "ambition": 0.2523350202960174}, "ramsay bolton": {"courage": 0.9999664534339069, "loyalty": 0.5605292111577643, "manipulativeness": 0.24033057074418407, "ambition": 0.3235149515132162}, "margaery tyrell": {"courage": 0.5085414232766666, "loyalty": 0.7106828993036636, "manipulativeness": 0.26768444323253515, "ambition": 0.24112136048663235}, "joffrey lannister": {"courage": 0.0, "loyalty": 0.46459283176913646, "manipulativeness": 0.9999771415314631, "ambition": 0.35664232961459924}, "melisandre": {"courage": 0.6794509753157585, "loyalty": 0.5497037500927018, "manipulativeness": 0.4974283741775011, "ambition": 0.9999878802105235}, "sandor clegane": {"courage": 0.12333190098860791, "loyalty": 0.056378351924886085, "manipulativeness": 0.8048031602318227, "ambition": 0.22706604272600092}}