{"rachel": {"quirkiness": 0.37559246838512556, "ambition": 0.3180315073999301, "romanticism": 0.09339290250362585, "perfectionism": 0.12327878050959595, "sarcasm": 0.06872036871013103, "competitiveness": 0.02098397007614929}, "ross": {"quirkiness": 0.38174684645431767, "ambition": 0.31635849158674356, "romanticism": 0.09147770578279295, "perfectionism": 0.12166062981338689, "sarcasm": 0.06778385935288014, "competitiveness": 0.020972462995945563}, "chandler": {"quirkiness": 0.38557663976318307, "ambition": 0.31894889046334557, "romanticism": 0.09257859717847572, "perfectionism": 0.12059833714428048, "sarcasm": 0.0634457536189196, "competitiveness": 0.01885178654726284}, "monica": {"quirkiness": 0.3747358028646384, "ambition": 0.3205724823654185, "romanticism": 0.09377405674971431, "perfectionism": 0.12336767829462851, "sarcasm": 0.06720776665492297, "competitiveness": 0.02034221123155994}, "joey": {"quirkiness": 0.3767052525696961, "ambition": 0.32168906765509414, "romanticism": 0.09487559854533506, "perfectionism": 0.12232218175216421, "sarcasm": 0.06499454579645657, "competitiveness": 0.019413356389903536}, "phoebe": {"quirkiness": 0.37368788740908104, "ambition": 0.32049243682630213, "romanticism": 0.09432437820086147, "perfectionism": 0.12374824328421086, "sarcasm": 0.06713768274708212, "competitiveness": 0.02060937176115569}}