{"tyrion lannister": {"manipulativeness": 0.5295410888581913, "ambition": 0.20182522481180126, "loyalty": 0.1901571396796137, "courage": 0.07847653932635157}, "jon snow": {"manipulativeness": 0.4942138498866713, "ambition": 0.21519850823399309, "loyalty": 0.2079629203268363, "courage": 0.08262472666116649}, "daenerys targaryen": {"manipulativeness": 0.5210580447884766, "ambition": 0.2104843037546073, "loyalty": 0.1916805577317351, "courage": 0.07677710124775522}, "cersei lannister": {"manipulativeness": 0.5456873156130314, "ambition": 0.20256995662218993, "loyalty": 0.17948875089900362, "courage": 0.07225398757469116}, "jaime lannister": {"manipulativeness": 0.5163144891290632, "ambition": 0.21106478511929921, "loyalty": 0.1932411848835341, "courage": 0.0793795439858015}, "sansa stark": {"manipulativeness": 0.5293895572575987, "ambition": 0.20442944784097525, "loyalty": 0.188694878823447, "courage": 0.07748610854899625}, "arya stark": {"manipulativeness": 0.5102956340648234, "ambition": 0.20810934016481042, "loyalty": 0.1961304744705558, "courage": 0.08546456047042739}, "davos": {"manipulativeness": 0.5012632499254027, "ambition": 0.21372823425850204, "loyalty": 0.20035204667121517, "courage": 0.08465647012222731}, "theon greyjoy": {"manipulativeness": 0.5152709961177842, "ambition": 0.2121759820729494, "loyalty": 0.1946982088528814, "courage": 0.07785479765340325}, "petyr baelish": {"manipulativeness": 0.5280639124413331, "ambition": 0.20667501410676373, "loyalty": 0.19146165895379252, "courage": 0.0737994102269618}, "bran stark": {"manipulativeness": 0.5043472141027451, "ambition": 0.20452401461079717, "loyalty": 0.20297124767675995, "courage": 0.08815752032678574}, "sam": {"manipulativeness": 0.4726802837103605, "ambition": 0.22309946408495307, "loyalty": 0.21409085304808936, "courage": 0.09012940693563516}, "bronn": {"manipulativeness": 0.5576534627212418, "ambition": 0.1906821897805289, "loyalty": 0.1732168691146567, "courage": 0.07844747451599687}, "tywin lannister": {"manipulativeness": 0.5021291345357894, "ambition": 0.21545413407896247, "loyalty": 0.19956140145659446, "courage": 0.08285532130061515}, "jorah mormont": {"manipulativeness": 0.4982423963094199, "ambition": 0.21659850273971204, "loyalty": 0.20190464449977433, "courage": 0.0832544682737164}, "varys": {"manipulativeness": 0.5433201057836413, "ambition": 0.20448796227574348, "loyalty": 0.179964216821827, "courage": 0.07222770906519145}, "brienne": {"manipulativeness": 0.5239040406048298, "ambition": 0.21674655199050905, "loyalty": 0.18952817626297475, "courage": 0.06982123189372942}, "eddard stark": {"manipulativeness": 0.501104298606515, "ambition": 0.21130414698272942, "loyalty": 0.20402857097797095, "courage": 0.08356299945153296}, "robb stark": {"manipulativeness": 0.507805302415205, "ambition": 0.21318599606013816, "loyalty": 0.1979575695105545, "courage": 0.08105113037416468}, "stannis baratheon": {"manipulativeness": 0.517867202182179, "ambition": 0.20678440870150275, "loyalty": 0.19641098307202692, "courage": 0.0789374134796874}, "catelyn stark": {"manipulativeness": 0.5222418459132314, "ambition": 0.2146233046427369, "loyalty": 0.1899753691162914, "courage": 0.07315949323819951}, "ramsay bolton": {"manipulativeness": 0.5379936402663589, "ambition": 0.20068187597207726, "loyalty": 0.18447099810000508, "courage": 0.0768534874310717}, "margaery tyrell": {"manipulativeness": 0.5294749015255978, "ambition": 0.20466728537882628, "loyalty": 0.18990833866164872, "courage": 0.07594944798926774}, "joffrey lannister": {"manipulativeness": 0.5279961847945264, "ambition": 0.20466691216355876, "loyalty": 0.1901580202148149, "courage": 0.07717890368382398}, "melisandre": {"manipulativeness": 0.56109321359545, "ambition": 0.1966689066030085, "loyalty": 0.1786468920763582, "courage": 0.06359098450047895}, "sandor clegane": {"manipulativeness": 0.5583410771454081, "ambition": 0.19925548914162552, "loyalty": 0.16982655599713326, "courage": 0.07257685900720603}}